,date,cpi,exchange_rate(naira_to_usd),interest_rate,money_supply,interbank_call__rate,prime_lending__rate,currency__in_circulation,monetary_policy_rate,treasury_bill_rate,year,month,quarter,is_december,time_index,cpi_lag1,cpi_lag3,cpi_rollmean3,cpi_rollstd3,cpi_yoy_change
0,2007-01-01,8.0,128.28,9.15,3900134.7,10.53,17.64,613829,10.0,7.1,2007,1,1,0,12,8.2,9.0,8.233333333333334,0.2516611478423485,-55.3072625698324
1,2007-02-01,7.7,128.27,7.8,4122142.0,7.26,17.63,608185,10.0,6.9,2007,2,1,0,13,8.0,8.5,7.966666666666668,0.2516611478423463,-56.74157303370786
2,2007-03-01,7.2,128.15,8.3,4798317.4,7.68,17.18,597677,10.0,6.85,2007,3,1,0,14,7.7,8.2,7.633333333333333,0.4041451884327289,-58.620689655172406
3,2007-04-01,6.5,127.98,8.28,5052863.3,7.54,18.05,604574,10.0,7.23,2007,4,2,0,15,7.2,8.0,7.133333333333333,0.6027713773341629,-61.53846153846154
4,2007-05-01,6.0,127.56,8.04,4909220.6,7.99,16.94,611616,10.0,7.2,2007,5,2,0,16,6.5,7.7,6.566666666666667,0.6027713773341609,-63.414634146341456
5,2007-06-01,5.9,127.41,8.02,5116246.7,8.46,16.92,615147,8.0,6.59,2007,6,2,0,17,6.0,7.2,6.133333333333333,0.32145502536641035,-61.935483870967744
6,2007-07-01,6.0,127.19,8.06,5130160.2,10.52,16.57,647446,8.0,5.98,2007,7,3,0,18,5.9,6.5,5.966666666666666,0.0577350269188364,-55.55555555555556
7,2007-08-01,6.1,126.68,8.2,5550488.3,6.83,16.42,679626,8.0,6.24,2007,8,3,0,19,6.0,6.0,6.0,0.0999999999999278,-46.49122807017544
8,2007-09-01,5.9,125.88,8.12,5672622.4,6.24,16.46,779254,8.0,7.1,2007,9,3,0,20,6.1,5.9,6.0,0.0999999999999278,-40.99999999999999
9,2007-10-01,5.7,124.28,7.68,5585227.8,7.21,16.5,705163,9.0,6.23,2007,10,4,0,21,5.9,6.0,5.8999999999999995,0.1999999999999626,-36.66666666666667
10,2007-11-01,5.5,120.12,7.65,5881558.6,8.56,16.5,704584,9.0,6.67,2007,11,4,0,22,5.7,6.1,5.7,0.1999999999999607,-35.29411764705882
11,2007-12-01,5.4,118.21,7.92,5809826.5,8.99,16.46,730234,9.5,7.75,2007,12,4,1,23,5.5,5.9,5.533333333333334,0.15275252316514046,-34.14634146341462
12,2008-01-01,5.5,117.98,10.61,6527673.0,11.22,15.52,766011,9.5,8.58,2008,1,1,0,24,5.4,5.7,5.466666666666668,0.057735026918817,-31.25
13,2008-02-01,5.5,118.21,10.59,7016468.5,10.04,15.58,746597,9.5,8.63,2008,2,1,0,25,5.5,5.5,5.466666666666668,0.057735026918817,-28.57142857142857
14,2008-03-01,5.8,117.92,10.01,7998232.8,9.37,15.23,717260,9.5,8.5,2008,3,1,0,26,5.5,5.4,5.599999999999999,0.1732050807568405,-19.444444444444454
15,2008-04-01,6.1,117.87,11.18,7805093.5,10.51,15.39,713956,10.0,8.17,2008,4,2,0,27,5.8,5.5,5.8,0.2999999999999735,-6.153846153846154
16,2008-05-01,6.5,117.83,11.6,7546333.7,9.47,15.02,718947,10.0,8.27,2008,5,2,0,28,6.1,5.5,6.133333333333333,0.3511884584284036,8.333333333333325
17,2008-06-01,7.0,117.81,11.95,7948368.8,11.23,15.17,722022,10.25,8.64,2008,6,2,0,29,6.5,5.8,6.533333333333334,0.45092497528227465,18.644067796610166
18,2008-07-01,7.8,117.77,12.22,8067591.2,8.61,15.22,755358,10.25,9.21,2008,7,3,0,30,7.0,6.1,7.1000000000000005,0.6557438524301912,30.000000000000004
19,2008-08-01,8.5,117.74,11.91,8335290.5,14.45,15.08,786667,10.25,9.13,2008,8,3,0,31,7.8,6.5,7.766666666666667,0.7505553499465071,39.34426229508197
20,2008-09-01,9.2,117.73,12.95,8960287.7,15.42,14.77,959982,9.75,9.08,2008,9,3,0,32,8.5,7.0,8.5,0.6999999999999945,55.93220338983049
21,2008-10-01,10.1,117.72,13.08,8339115.5,14.09,14.81,867454,9.75,7.72,2008,10,4,0,33,9.2,7.8,9.266666666666666,0.8020806277010611,77.19298245614034
22,2008-11-01,10.9,117.74,12.84,8387156.7,15.77,14.58,860846,9.75,6.9,2008,11,4,0,34,10.1,8.5,10.066666666666666,0.8504900548115366,98.18181818181819
23,2008-12-01,11.6,126.48,12.41,9166835.3,12.17,15.26,891532,9.75,5.61,2008,12,4,1,35,10.9,9.2,10.866666666666667,0.7505553499465109,114.8148148148148
24,2009-01-01,12.0,145.78,12.38,9294035.9,7.91,16.78,898619,9.75,3.88,2009,1,1,0,36,11.6,10.1,11.5,0.556776436282998,118.18181818181816
25,2009-02-01,12.6,147.14,16.47,9087967.0,17.3,18.9,916617,9.75,2.0,2009,2,1,0,37,12.0,10.9,12.066666666666668,0.5033222956847118,129.0909090909091
26,2009-03-01,13.1,147.72,11.44,8997817.3,20.6,19.19,917998,9.75,2.53,2009,3,1,0,38,12.6,11.6,12.566666666666665,0.5507570547286051,125.86206896551727
27,2009-04-01,13.5,147.23,14.91,9001008.1,12.51,19.28,936574,8.0,3.33,2009,4,2,0,39,13.1,12.0,13.066666666666665,0.4509249752822837,121.31147540983606
28,2009-05-01,13.8,147.84,11.63,8720581.4,13.17,18.75,947978,8.0,3.27,2009,5,2,0,40,13.5,12.6,13.466666666666667,0.351188458428417,112.3076923076923
29,2009-06-01,13.7,148.2,12.67,9077026.5,18.6,19.08,976077,8.0,3.32,2009,6,2,0,41,13.8,13.1,13.666666666666666,0.15275252316517626,95.71428571428571
30,2009-07-01,13.4,148.59,13.23,8889358.8,18.1,19.34,965427,6.0,3.93,2009,7,3,0,42,13.7,13.5,13.633333333333333,0.2081665999465995,71.79487179487181
31,2009-08-01,13.3,151.86,13.78,9475324.9,7.04,19.39,987898,6.0,4.8,2009,8,3,0,43,13.4,13.8,13.466666666666669,0.20816659994659825,56.470588235294116
32,2009-09-01,13.1,152.3,13.25,9458490.2,9.7,18.91,1155031,6.0,4.8,2009,9,3,0,44,13.3,13.7,13.266666666666666,0.15275252316517646,42.3913043478261
33,2009-10-01,12.8,149.36,13.34,9911551.3,7.05,19.06,1063307,6.0,5.08,2009,10,4,0,45,13.1,13.4,13.066666666666668,0.2516611478423479,26.732673267326735
34,2009-11-01,12.6,150.85,8.91,10239558.4,5.62,19.66,1022911,6.0,4.48,2009,11,4,0,46,12.8,13.3,12.833333333333334,0.2516611478423504,15.596330275229352
35,2009-12-01,12.5,149.69,12.17,10780627.14,4.68,19.55,1035882,6.0,4.0,2009,12,4,1,47,12.6,13.1,12.633333333333333,0.15275252316518578,7.758620689655182
36,2010-01-01,12.6,149.78,11.85,10446373.94,2.61,18.82,1047853,6.0,3.72,2010,1,1,0,48,12.5,12.8,12.566666666666668,0.057735026918939523,5.000000000000004
37,2010-02-01,12.7,150.22,7.8,10792645.17,2.27,18.74,1024163,6.0,2.33,2010,2,1,0,49,12.6,12.6,12.6,0.09999999999998631,0.7936507936507908
38,2010-03-01,12.8,149.83,5.55,11023312.97,1.5,19.03,1006314,6.0,1.04,2010,3,1,0,50,12.7,12.5,12.700000000000001,0.09999999999998786,-2.2900763358778553
39,2010-04-01,12.9,149.89,6.79,10972487.61,1.27,19.05,1008251,6.0,1.2,2010,4,2,0,51,12.8,12.6,12.799999999999999,0.09999999999998786,-4.444444444444439
40,2010-05-01,12.9,150.31,6.31,10759314.65,4.94,18.77,1019143,6.0,1.63,2010,5,2,0,52,12.9,12.7,12.866666666666667,0.057735026918939523,-6.521739130434789
41,2010-06-01,13.1,150.19,4.9,10845498.1,2.73,17.65,1032176,6.0,2.29,2010,6,2,0,53,12.9,12.8,12.966666666666667,0.11547005383791333,-4.379562043795615
42,2010-07-01,13.3,150.1,4.93,10941435.3,3.59,17.4,1020135,6.0,2.94,2010,7,3,0,54,13.1,12.9,13.1,0.19999999999999382,-0.7462686567164201
43,2010-08-01,13.5,150.27,4.93,11520644.68,1.26,16.89,1108332,6.0,2.63,2010,8,3,0,55,13.3,12.9,13.300000000000002,0.19999999999999493,1.5037593984962294
44,2010-09-01,13.8,151.03,3.68,11224789.77,2.71,16.66,1184322,6.25,6.6,2010,9,3,0,56,13.5,13.1,13.533333333333333,0.2516611478423556,5.343511450381677
45,2010-10-01,13.9,151.25,3.97,11224607.28,8.5,16.16,1071418,6.25,6.75,2010,10,4,0,57,13.8,13.3,13.733333333333334,0.20816659994661163,8.59375
46,2010-11-01,13.9,150.22,3.8,11142651.36,8.79,16.11,1052915,6.25,7.58,2010,11,4,0,58,13.9,13.5,13.866666666666667,0.057735026918960854,10.317460317460325
47,2010-12-01,13.7,150.48,3.53,11525530.34,8.03,15.74,1088881,6.25,7.47,2010,12,4,1,59,13.9,13.8,13.833333333333334,0.11547005383792462,9.599999999999987
48,2011-01-01,13.5,151.55,4.39,11561525.95,6.13,15.73,1072606,6.5,7.49,2011,1,1,0,60,13.7,13.9,13.700000000000001,0.1999999999999976,7.14285714285714
49,2011-02-01,13.2,151.94,3.73,11595668.3,8.38,15.75,1056748,6.5,7.09,2011,2,1,0,61,13.5,13.9,13.466666666666667,0.2516611478423528,3.937007874015741
50,2011-03-01,13.0,152.51,4.25,11653623.81,9.33,15.81,1063914,7.5,8.27,2011,3,1,0,62,13.2,13.7,13.233333333333334,0.25166114784234783,1.5625
51,2011-04-01,12.7,153.97,3.87,11898956.66,10.8,15.75,1076922,7.5,9.52,2011,4,2,0,63,13.0,13.5,12.966666666666667,0.2516611478423422,-1.5503875968992276
52,2011-05-01,12.6,154.8,4.12,11986234.87,9.75,15.81,1094505,8.0,8.63,2011,5,2,0,64,12.7,13.2,12.766666666666666,0.20816659994658895,-2.3255813953488413
53,2011-06-01,12.3,154.5,4.68,12172096.71,11.15,15.76,1125482,8.0,8.2,2011,6,2,0,65,12.6,13.0,12.533333333333333,0.20816659994658124,-6.1068702290076216
54,2011-07-01,12.0,151.86,4.39,12389274.84,8.85,15.84,1153171,8.75,7.08,2011,7,3,0,66,12.3,12.7,12.299999999999999,0.2999999999999745,-9.774436090225569
55,2011-08-01,11.6,152.72,4.48,12508014.99,8.59,15.82,1227399,8.75,7.41,2011,8,3,0,67,12.0,12.6,11.966666666666667,0.3511884584283987,-14.074074074074073
56,2011-09-01,11.4,155.26,4.47,12618080.33,9.37,15.87,1378024,9.25,8.92,2011,9,3,0,68,11.6,12.3,11.666666666666666,0.3055050463303529,-17.391304347826086
57,2011-10-01,11.1,153.26,4.9,12172500.07,13.07,16.49,1340412,12.0,15.0,2011,10,4,0,69,11.4,12.0,11.366666666666667,0.25166114784230614,-20.14388489208634
58,2011-11-01,11.0,155.77,6.06,12210412.37,15.58,16.82,1337459,12.0,14.53,2011,11,4,0,71,11.1,11.6,11.166666666666666,0.20816659994654374,-20.863309352517987
59,2011-12-01,10.8,158.21,7.12,13303494.5,15.5,16.75,1416831,12.0,14.27,2011,12,4,1,72,11.0,11.4,10.966666666666669,0.1527525231650911,-21.167883211678816
60,2012-01-01,10.9,158.39,6.61,13755293.22,14.19,16.92,1492366,12.0,14.85,2012,1,1,0,73,10.8,11.1,10.9,0.09999999999983876,-19.259259259259252
61,2012-02-01,11.0,157.87,6.64,13153787.49,14.35,17.11,1410625,12.0,14.76,2012,2,1,0,74,10.9,11.0,10.9,0.09999999999983876,-16.666666666666664
62,2012-03-01,10.9,157.59,7.99,13270973.81,14.13,17.28,1353982,12.0,14.49,2012,3,1,0,75,11.0,10.8,10.933333333333332,0.057735026918686524,-16.153846153846153
63,2012-04-01,11.1,157.33,7.15,13304783.81,14.23,16.9,1343601,12.0,13.92,2012,4,2,0,76,10.9,10.9,11.0,0.09999999999984364,-12.598425196850393
64,2012-05-01,11.1,157.28,7.01,13603139.34,13.8,16.98,1379715,12.0,13.34,2012,5,2,0,77,11.1,11.0,11.033333333333333,0.11547005383779119,-11.904761904761907
65,2012-06-01,11.3,157.44,7.51,13480391.26,14.92,16.93,1342971,12.0,14.08,2012,6,2,0,78,11.1,10.9,11.166666666666666,0.11547005383779861,-8.130081300813007
66,2012-07-01,11.6,157.43,6.62,13392426.38,15.19,16.96,1359581,12.0,13.86,2012,7,3,0,79,11.3,11.1,11.333333333333334,0.25166114784230426,-3.3333333333333326
67,2012-08-01,11.8,157.38,6.85,13770062.26,17.81,16.53,1390700,12.0,14.26,2012,8,3,0,80,11.6,11.1,11.566666666666668,0.2516611478423117,1.7241379310344973
68,2012-09-01,11.9,157.34,6.77,14065267.13,13.5,16.37,1565499,12.0,12.75,2012,9,3,0,81,11.8,11.3,11.766666666666666,0.15275252316512902,4.385964912280693
69,2012-10-01,11.9,157.32,6.21,14399299.17,11.42,16.48,1475525,12.0,12.94,2012,10,4,0,82,11.9,11.6,11.866666666666667,0.05773502691879884,7.207207207207222
70,2012-11-01,12.1,157.31,6.17,15062729.97,11.86,16.51,1438073,12.0,12.6,2012,11,4,0,83,11.9,11.8,11.966666666666669,0.11547005383784759,9.999999999999986
71,2012-12-01,12.2,157.32,10.63,15483847.53,11.88,16.54,1432834,12.0,11.77,2012,12,4,1,84,12.1,11.9,12.066666666666668,0.1527525231651393,12.962962962962955
72,2013-01-01,11.9,157.3,6.09,15308392.82,11.67,16.57,1422438,12.0,11.17,2013,1,1,0,85,12.2,11.9,12.066666666666668,0.1527525231651393,9.174311926605494
73,2013-02-01,11.7,157.3,5.67,15547624.71,11.98,16.56,1398955,12.0,9.9,2013,2,1,0,86,11.9,12.1,11.933333333333332,0.2516611478423215,6.363636363636349
74,2013-03-01,11.4,157.31,6.09,15669169.15,10.39,16.61,1838980,12.0,10.17,2013,3,1,0,87,11.7,12.2,11.666666666666666,0.2516611478423147,4.587155963302747
75,2013-04-01,11.1,157.31,6.49,15634382.05,10.71,16.65,1362604,12.0,10.41,2013,4,2,0,88,11.4,11.9,11.4,0.2999999999999575,0.0
76,2013-05-01,10.8,157.3,5.26,15424052.62,12.23,16.66,1368236,12.0,10.64,2013,5,2,0,89,11.1,11.7,11.1,0.29999999999995064,-2.7027027027026973
77,2013-06-01,10.4,157.31,5.32,15593172.51,11.59,16.56,1348838,12.0,11.6,2013,6,2,0,90,10.8,11.4,10.766666666666666,0.35118845842837615,-7.964601769911505
78,2013-07-01,10.0,157.32,5.8,14811429.8,10.63,16.47,1458211,12.0,11.56,2013,7,3,0,91,10.4,11.1,10.4,0.39999999999995245,-13.793103448275856
79,2013-08-01,9.8,157.31,4.88,14619449.23,15.24,16.55,1430962,12.0,11.3,2013,8,3,0,92,10.0,10.8,10.066666666666666,0.30550504633032155,-16.94915254237288
80,2013-09-01,9.5,157.32,4.58,14362451.07,16.88,16.76,1631717,12.0,10.91,2013,9,3,0,93,9.8,10.4,9.766666666666667,0.2516611478422717,-20.168067226890763
81,2013-10-01,9.2,157.42,4.71,14529508.0,11.08,17.1,1457257,12.0,10.8,2013,10,4,0,94,9.5,10.0,9.5,0.2999999999999235,-22.68907563025211
82,2013-11-01,8.8,157.27,6.51,14734882.8,11.22,17.17,1437459,12.0,10.8,2013,11,4,0,95,9.2,9.8,9.166666666666666,0.35118845842835295,-27.27272727272726
83,2013-12-01,8.5,157.27,5.02,15688963.55,10.75,17.01,1508513,12.0,10.97,2013,12,4,1,96,8.8,9.5,8.833333333333334,0.35118845842834645,-30.327868852459016
84,2014-01-01,8.4,157.29,9.04,15493689.5,10.0,16.95,1470133,12.0,10.81,2014,1,1,0,97,8.5,9.2,8.566666666666668,0.20816659994647338,-29.411764705882348
85,2014-02-01,8.3,157.31,9.3,15424175.17,10.5,16.93,1457653,12.0,11.82,2014,2,1,0,98,8.4,8.8,8.4,0.09999999999969775,-29.059829059829045
86,2014-03-01,8.2,157.3,9.3,17732918.56,10.5,16.69,1480564,12.0,11.92,2014,3,1,0,99,8.3,8.5,8.299999999999999,0.09999999999969243,-28.0701754385965
87,2014-04-01,8.1,157.29,9.69,17886647.83,10.5,16.7,1457282,12.0,11.26,2014,4,2,0,100,8.2,8.4,8.200000000000001,0.09999999999968553,-27.027027027027028
88,2014-05-01,8.0,157.29,9.29,17622558.39,10.63,16.5,1443338,12.0,10.13,2014,5,2,0,101,8.1,8.3,8.1,0.09999999999967865,-25.92592592592593
89,2014-06-01,8.0,157.29,9.19,17576640.3,10.5,16.5,1474048,12.0,9.98,2014,6,2,0,102,8.0,8.2,8.033333333333333,0.05773502691839973,-23.076923076923084
90,2014-07-01,8.0,157.29,9.11,18102242.84,10.5,16.44,1549536,12.0,9.88,2014,7,3,0,103,8.0,8.1,8.0,0.0,-19.999999999999996
91,2014-08-01,8.0,157.29,7.47,17898902.47,11.91,16.6,1571034,12.0,9.95,2014,8,3,0,104,8.0,8.0,8.0,0.0,-18.36734693877552
92,2014-09-01,8.0,157.3,9.31,18200156.68,10.73,16.44,1776813,12.0,9.75,2014,9,3,0,105,8.0,8.0,8.0,0.0,-15.789473684210531
93,2014-10-01,8.0,157.31,9.23,18496197.88,10.98,16.48,1588476,12.0,9.83,2014,10,4,0,106,8.0,8.0,8.0,0.0,-13.043478260869556
94,2014-11-01,8.0,160.0,9.46,18804279.94,8.98,16.47,1558027,13.0,9.82,2014,11,4,0,107,8.0,8.0,8.0,0.0,-9.090909090909093
95,2014-12-01,8.0,169.68,9.51,18913028.98,24.3,15.88,1574357,13.0,10.8,2014,12,4,1,108,8.0,8.0,8.0,0.0,-5.882352941176472
96,2015-01-01,8.1,169.68,9.51,18965533.5,10.21,16.86,1569640,13.0,11.2,2015,1,1,0,109,8.0,8.0,8.033333333333333,0.05773502691839973,-3.571428571428581
97,2015-02-01,8.1,194.48,9.37,18865922.34,23.5,16.77,1517640,13.0,10.88,2015,2,1,0,110,8.1,8.0,8.066666666666666,0.05773502691840307,-2.4096385542168752
98,2015-03-01,8.2,197.07,9.52,19132363.3,12.59,16.9,1497142,13.0,10.77,2015,3,1,0,111,8.1,8.0,8.133333333333333,0.05773502691840922,0.0
99,2015-04-01,8.2,197.0,6.48,19608078.85,24.24,15.95,1568195,13.0,10.23,2015,4,2,0,112,8.2,8.1,8.166666666666666,0.05773502691841204,1.2345679012345734
100,2015-05-01,8.3,197.0,7.18,19196565.14,10.43,16.08,1501514,13.0,10.03,2015,5,2,0,113,8.2,8.1,8.233333333333333,0.057735026918419474,3.750000000000009
101,2015-06-01,8.4,196.92,10.83,18811429.4,10.85,17.24,1548322,13.0,9.95,2015,6,2,0,114,8.3,8.2,8.299999999999999,0.09999999999969116,5.000000000000004
102,2015-07-01,8.5,196.97,11.43,18424703.08,7.79,17.3,1534009,13.0,10.0,2015,7,3,0,115,8.4,8.2,8.4,0.09999999999969648,6.25
103,2015-08-01,8.6,197.0,11.21,18491571.96,33.26,17.29,1578289,13.0,10.0,2015,8,3,0,116,8.5,8.3,8.5,0.09999999999970137,7.499999999999996
104,2015-09-01,8.7,197.0,11.21,18718003.11,8.12,17.02,1797978,13.0,10.36,2015,9,3,0,117,8.6,8.4,8.6,0.09999999999970714,8.749999999999991
105,2015-10-01,8.76,196.99,7.72,18204395.78,3.22,16.84,1661692,13.0,9.11,2015,10,4,0,118,8.7,8.5,8.686666666666666,0.08082903768619058,9.499999999999996
106,2015-11-01,8.88,196.99,4.8,18367238.54,0.84,16.98,1622701,11.0,5.62,2015,11,4,0,119,8.76,8.6,8.78,0.09165151389880583,11.00000000000001
107,2015-12-01,9.01,196.99,4.88,20029831.12,0.77,16.96,1808627,11.0,4.57,2015,12,4,1,120,8.88,8.7,8.883333333333333,0.12503332888984808,12.624999999999996
108,2016-01-01,9.13,197.0,5.12,19799457.54,2.04,16.54,1692312,11.0,4.12,2016,1,1,0,121,9.01,8.76,9.006666666666668,0.12503332888985183,12.716049382716065
109,2016-02-01,9.39,197.0,5.22,20620803.08,2.67,16.72,1660679,11.0,4.91,2016,2,1,0,122,9.13,8.88,9.176666666666668,0.1942506971243072,15.925925925925943
110,2016-03-01,9.75,197.0,5.29,20470436.0,4.32,16.82,1562551,12.0,5.53,2016,3,1,0,123,9.39,9.01,9.423333333333334,0.31134118476886624,18.90243902439026
111,2016-04-01,10.18,197.0,5.27,20727909.47,3.75,16.77,1574525,12.0,7.27,2016,4,2,0,124,9.75,9.13,9.773333333333333,0.39551653989850405,24.146341463414632
112,2016-05-01,10.75,197.0,5.38,21035132.36,7.67,16.13,1544559,12.0,8.04,2016,5,2,0,125,10.18,9.39,10.226666666666667,0.50163067423483,29.518072289156617
113,2016-06-01,11.37,231.76,5.17,22078013.46,35.26,16.78,1637495,12.0,8.32,2016,6,2,0,126,10.75,9.75,10.766666666666666,0.5951750442796605,35.35714285714284
114,2016-07-01,12.04,294.57,5.09,22535192.76,31.51,17.14,1560385,14.0,12.34,2016,7,3,0,127,11.37,10.18,11.386666666666665,0.6451614784945732,41.64705882352939
115,2016-08-01,12.74,309.73,5.22,22057000.95,24.25,17.18,1633209,14.0,14.93,2016,8,3,0,128,12.04,10.75,12.049999999999999,0.6850547423381449,48.139534883720934
116,2016-09-01,13.45,305.23,5.75,22013780.89,14.5,17.09,1857941,14.0,14.0,2016,9,3,0,129,12.74,11.37,12.743333333333334,0.7050059101407079,54.59770114942528
117,2016-10-01,14.21,305.21,6.25,22180072.3,36.42,17.1,1725128,14.0,13.96,2016,10,4,0,130,13.45,12.04,13.466666666666669,0.7351417096950357,62.21461187214614
118,2016-11-01,14.96,305.18,10.14,22386048.43,15.21,17.06,1711623,14.0,13.99,2016,11,4,0,131,14.21,12.74,14.206666666666669,0.7550055187436403,68.46846846846846
119,2016-12-01,15.7,305.22,10.76,23591732.58,10.39,17.09,1811090,14.0,13.97,2016,12,4,1,132,14.96,13.45,14.956666666666669,0.7450055928201897,74.25083240843506
120,2017-01-01,16.44,305.2,10.77,23096526.55,8.15,16.91,1763533,14.0,13.95,2017,1,1,0,133,15.7,14.21,15.700000000000001,0.7400000000000294,80.06571741511502
121,2017-02-01,16.96,305.31,10.37,22210954.84,27.46,17.13,1746906,14.0,13.75,2017,2,1,0,134,16.44,14.96,16.366666666666667,0.6331929669013954,80.61767838125667
122,2017-03-01,17.32,306.4,10.57,22304267.84,13.11,17.43,1684725,14.0,13.6,2017,3,1,0,135,16.96,15.7,16.90666666666667,0.4424176006144002,77.64102564102564
123,2017-04-01,17.59,342.08,10.38,21768241.12,64.58,17.44,1664495,14.0,13.58,2017,4,2,0,136,17.32,16.44,17.290000000000003,0.3160696125857086,72.78978388998037
124,2017-05-01,17.63,343.7,11.33,22047770.68,21.29,17.58,1679477,14.0,13.5,2017,5,2,0,137,17.59,16.96,17.513333333333332,0.16862186493281037,63.99999999999999
125,2017-06-01,17.58,338.09,11.15,21980582.35,13.46,17.59,1794287,14.0,13.5,2017,6,2,0,138,17.63,17.32,17.599999999999998,0.026457513112310968,54.61741424802111
126,2017-07-01,17.47,335.3,10.27,22195019.77,12.28,17.65,1825664,14.0,13.46,2017,7,3,0,139,17.58,17.59,17.56,0.08185352771925707,45.099667774086384
127,2017-08-01,17.33,334.2,11.4,21851454.31,22.63,17.69,1907863,14.0,13.35,2017,8,3,0,141,17.47,17.63,17.459999999999997,0.12529964086175566,36.02825745682887
128,2017-09-01,17.17,332.94,11.7,21953993.84,20.44,17.88,2179174,14.0,13.2,2017,9,3,0,142,17.33,17.58,17.323333333333334,0.15011106998957158,27.65799256505579
129,2017-10-01,16.97,333.02,10.8,22500618.01,43.78,17.86,1994577,14.0,13.18,2017,10,4,0,143,17.17,17.47,17.156666666666666,0.18036999011312702,19.422941590429254
130,2017-11-01,16.76,333.1,10.71,22311118.02,18.78,17.77,1983633,14.0,13.01,2017,11,4,0,144,16.97,17.33,16.96666666666667,0.20502032419592955,12.032085561497329
131,2017-12-01,16.5,333.5,10.93,24140634.21,9.49,17.71,1978886,14.0,0.0,2017,12,4,1,145,16.76,17.17,16.743333333333336,0.23544284515227484,5.095541401273884
132,2018-01-01,16.22,333.16,11.24,23963031.48,15.58,17.5,1975812,14.0,12.27,2018,1,1,0,146,16.5,16.97,16.493333333333336,0.27006172134049805,-1.3381995133820102
133,2018-02-01,15.93,333.13,10.67,24143010.28,26.19,17.53,1897917,14.0,11.88,2018,2,1,0,147,16.22,16.76,16.216666666666665,0.28501461950816626,-6.073113207547176
134,2018-03-01,15.6,332.98,10.21,24424422.14,15.16,17.35,1873543,14.0,11.84,2018,3,1,0,148,15.93,16.5,15.916666666666664,0.31021497922147123,-9.930715935334877
135,2018-04-01,15.2,332.94,10.03,24474153.99,3.1,17.24,1769085,14.0,11.43,2018,4,2,0,149,15.6,16.22,15.576666666666666,0.36555893277742685,-13.587265491756684
136,2018-05-01,14.79,333.51,9.96,25169014.19,25.43,17.08,1868735,14.0,10.0,2018,5,2,0,150,15.2,15.93,15.196666666666665,0.40501028793521127,-16.10890527509926
137,2018-06-01,14.37,333.46,10.05,24814004.52,5.0,16.78,1781046,14.0,10.11,2018,6,2,0,151,14.79,15.6,14.786666666666667,0.41501004003921727,-18.259385665529003
138,2018-07-01,13.95,333.81,10.26,24971101.93,2.86,16.83,1791194,14.0,10.0,2018,7,3,0,152,14.37,15.2,14.37,0.42000000000001175,-20.148826559816825
139,2018-08-01,13.55,334.22,9.95,24859346.47,2.45,16.65,1896156,14.0,10.64,2018,8,3,0,153,13.95,14.79,13.956666666666669,0.4100406483915154,-21.81188690132717
140,2018-09-01,13.16,335.24,10.08,25560662.33,4.57,16.59,2157229,14.0,11.0,2018,9,3,0,154,13.55,14.37,13.553333333333333,0.39501054838235145,-23.354688410017477
141,2018-10-01,12.78,335.24,10.46,26041903.87,14.18,16.53,1945444,14.0,10.94,2018,10,4,0,155,13.16,13.95,13.163333333333334,0.38501082235869494,-24.690630524454914
142,2018-11-01,12.41,335.31,10.43,25467425.55,7.17,16.64,1937337,14.0,10.91,2018,11,4,0,156,12.78,13.55,12.783333333333333,0.37501111094647643,-25.9546539379475
143,2018-12-01,12.1,335.84,10.33,27068575.06,22.68,16.17,2039324,14.0,0.0,2018,12,4,1,157,12.41,13.16,12.43,0.3404408906109388,-26.66666666666667
144,2019-01-01,11.8,335.3,10.66,26771087.05,12.14,16.01,1957219,14.0,10.98,2019,1,1,0,158,12.1,12.78,12.103333333333333,0.3050136608961887,-27.250308261405664
145,2019-02-01,11.56,334.36,10.74,26546639.71,16.71,16.08,1930695,14.0,10.91,2019,2,1,0,159,11.8,12.41,11.82,0.2705549851692914,-27.432517263025737
146,2019-03-01,11.4,333.71,10.23,26834815.12,10.8,14.92,1900671,13.5,10.42,2019,3,1,0,160,11.56,12.1,11.586666666666668,0.20132891827376362,-26.923076923076916
147,2019-04-01,11.31,333.7,10.7,27579445.15,13.98,18.23,1824826,13.5,10.24,2019,4,2,0,161,11.4,11.8,11.423333333333334,0.12662279942127172,-25.592105263157883
148,2019-05-01,11.3,333.82,10.42,27813701.61,7.31,15.33,1928744,13.5,10.0,2019,5,2,0,162,11.31,11.56,11.336666666666666,0.055075705472351175,-23.597025016903306
149,2019-06-01,11.3,333.79,10.57,27898828.27,6.88,15.8,1926382,13.5,9.93,2019,6,2,0,163,11.3,11.4,11.303333333333335,0.005773502686946761,-21.363952679192757
150,2019-07-01,11.29,334.1,10.18,28277141.77,6.52,15.46,1956009,13.5,9.92,2019,7,3,0,164,11.3,11.31,11.296666666666667,0.005773502686931378,-19.068100358422946
151,2019-08-01,11.27,334.96,9.82,27556798.88,8.0,15.4,2100129,13.5,10.89,2019,8,3,0,165,11.29,11.3,11.286666666666667,0.015275252314634839,-16.826568265682663
152,2019-09-01,11.27,334.6,9.97,27669957.17,11.42,15.15,2329706,13.5,11.1,2019,9,3,0,166,11.27,11.3,11.276666666666666,0.011547005381287905,-14.361702127659582
153,2019-10-01,11.3,334.66,9.73,27811790.84,6.37,15.07,2139666,13.5,10.03,2019,10,4,0,167,11.27,11.29,11.28,0.017320508074021992,-11.580594679186218
154,2019-11-01,11.35,334.8,9.73,28415371.99,6.0,14.91,2241313,13.5,6.73,2019,11,4,0,168,11.3,11.27,11.306666666666667,0.04041451884256622,-8.541498791297341
155,2019-12-01,11.4,335.26,9.03,28783194.45,3.64,14.99,2153220,13.5,4.47,2019,12,4,1,169,11.35,11.27,11.35,0.04999999999943778,-5.785123966942141
156,2020-01-01,11.46,335.08,8.01,29132380.36,5.74,14.97,2158698,13.5,3.45,2020,1,1,0,170,11.4,11.3,11.403333333333334,0.05507570547236167,-2.881355932203389
157,2020-02-01,11.54,335.88,8.02,29719364.53,8.91,15.04,2111848,13.5,3.0,2020,2,1,0,171,11.46,11.35,11.466666666666667,0.07023769168530129,-0.17301038062285112
158,2020-03-01,11.62,349.84,8.61,31010122.07,10.29,14.71,2014073,13.5,2.39,2020,3,1,0,172,11.54,11.4,11.540000000000001,0.07999999999967293,1.9298245614034926
159,2020-04-01,11.71,373.0,7.68,31958484.85,7.33,14.92,2003090,13.5,1.91,2020,4,2,0,173,11.62,11.46,11.623333333333335,0.08504900548085889,3.536693191865603
160,2020-05-01,11.79,373.62,7.63,32719162.68,5.22,14.73,2018840,12.5,2.47,2020,5,2,0,174,11.71,11.54,11.706666666666669,0.08504900548086933,4.336283185840695
161,2020-06-01,11.9,373.7,7.12,32593522.49,5.75,15.65,2005600,12.5,1.94,2020,6,2,0,175,11.79,11.62,11.799999999999999,0.09539392014145291,5.309734513274322
162,2020-07-01,12.05,382.34,5.89,33337326.82,6.25,12.1,2055946,12.5,1.3,2020,7,3,0,176,11.9,11.71,11.913333333333334,0.13051181300284728,6.731620903454405
163,2020-08-01,12.23,383.63,4.89,34262588.49,5.74,11.76,2201945,12.5,1.17,2020,8,3,0,177,12.05,11.79,12.06,0.16522711641846355,8.51818988464952
164,2020-09-01,12.44,383.5,5.37,34965447.66,2.0,11.55,2441656,11.5,1.1,2020,9,3,0,178,12.23,11.9,12.24,0.19519221295934225,10.381543921916592
165,2020-10-01,12.66,383.45,4.99,35729184.39,0.0,11.31,2248440,11.5,0.86,2020,10,4,0,179,12.44,12.05,12.443333333333333,0.21501937897153398,12.035398230088479
166,2020-11-01,12.92,383.96,4.89,36517795.8,1.75,11.6,2185723,11.5,0.03,2020,11,4,0,180,12.66,12.23,12.673333333333334,0.24027761721248678,13.832599118942724
167,2020-12-01,13.25,387.96,5.0,37828875.85,1.25,11.35,2294845,11.5,0.03,2020,12,4,1,181,12.92,12.44,12.943333333333333,0.2956912804485725,16.228070175438592
168,2021-01-01,13.62,387.52,5.01,37544491.37,4.4,11.25,2306234,11.5,0.52,2021,1,1,0,182,13.25,12.66,13.263333333333334,0.35019042438839265,18.848167539266992
169,2021-02-01,14.05,392.4,5.36,38099427.26,11.43,11.21,2352008,11.5,1.49,2021,2,1,0,183,13.62,12.92,13.64,0.4003748243833485,21.750433275563275
170,2021-03-01,14.55,395.44,4.94,38288212.81,10.1,11.13,2299502,11.5,2.0,2021,3,1,0,184,14.05,13.25,14.073333333333332,0.4654388610046859,25.21514629948367
171,2021-04-01,15.04,395.68,5.78,38462975.04,30.0,11.24,2394632,11.5,2.0,2021,4,2,0,185,14.55,13.62,14.546666666666667,0.49500841743686314,28.437233134073423
172,2021-05-01,15.5,404.25,6.14,38692973.28,15.23,11.29,2369601,11.5,2.5,2021,5,2,0,186,15.04,14.05,15.030000000000001,0.4750789408088148,31.467345207803234
173,2021-06-01,15.93,407.16,6.54,38863053.22,16.57,11.67,2426044,11.5,2.5,2021,6,2,0,187,15.5,14.55,15.49,0.44508426168539794,33.86554621848739
174,2021-07-01,16.3,407.51,6.3,39733556.72,12.38,11.57,2497693,11.5,2.5,2021,7,3,0,188,15.93,15.04,15.910000000000002,0.4003748243834077,35.269709543568474
175,2021-08-01,16.6,410.39,6.73,40810092.82,13.45,11.62,2658426,11.5,2.5,2021,8,3,0,189,16.3,15.5,16.276666666666667,0.3356088993655959,35.731807031888806
176,2021-09-01,16.83,410.8,6.72,40449202.79,13.21,11.73,2907126,11.5,2.5,2021,9,3,0,190,16.6,15.93,16.576666666666668,0.2657693235371473,35.2893890675241
177,2021-10-01,16.96,411.25,7.4,41474377.37,13.33,11.61,2829831,11.5,2.5,2021,10,4,0,191,16.83,16.3,16.796666666666667,0.1823001188518528,33.965244865718816
178,2021-11-01,16.98,411.74,7.34,42600088.22,11.53,11.8,2778495,11.5,2.5,2021,11,4,0,192,16.96,16.6,16.923333333333332,0.08144527815290703,31.42414860681115
179,2021-12-01,16.95,414.34,6.79,44443065.59,0.0,11.68,2807398,11.5,2.49,2021,12,4,1,193,16.98,16.83,16.963333333333335,0.015275252318883874,27.924528301886788
180,2022-01-01,16.87,415.96,5.86,45089157.64,14.31,11.68,2796471,11.5,2.49,2022,1,1,0,194,16.95,16.96,16.933333333333334,0.05686240703139984,23.861967694566832
181,2022-02-01,16.73,416.95,5.84,44739337.92,9.3,11.78,2790895,11.5,2.3,2022,2,1,0,195,16.87,16.98,16.849999999999998,0.11135528725690659,19.074733096085406
182,2022-03-01,16.54,415.72,5.82,45663905.91,11.33,11.84,2741262,11.5,1.75,2022,3,1,0,196,16.73,16.95,16.713333333333335,0.16563010998425629,13.676975945017178
183,2022-04-01,16.45,415.53,5.46,47146645.19,8.67,11.83,2812103,11.5,1.74,2022,4,2,0,197,16.54,16.87,16.573333333333334,0.14294521094947962,9.375
184,2022-05-01,16.45,415.95,5.73,48513506.45,8.38,11.96,2778706,13.0,2.47,2022,5,2,0,198,16.45,16.73,16.48,0.05196152422758653,6.129032258064515
185,2022-06-01,16.54,415.61,5.3,48897446.57,11.1,12.29,2837063,13.0,2.41,2022,6,2,0,199,16.45,16.54,16.48,0.05196152422758653,3.8292529817953502
186,2022-07-01,16.75,417.26,5.76,48290293.34,13.0,12.1,2965985,14.0,2.76,2022,7,3,0,200,16.54,16.45,16.58,0.15394804318359476,2.7607361963190247
187,2022-08-01,17.07,426.06,7.07,49315851.17,15.0,12.23,3148591,14.0,3.83,2022,8,3,0,201,16.75,16.45,16.786666666666665,0.2668957349479358,2.831325301204801
188,2022-09-01,17.43,435.57,6.53,49331836.37,0.0,12.23,3325157,15.5,5.68,2022,9,3,0,202,17.07,16.54,17.083333333333332,0.3401960219247264,3.5650623885918
189,2022-10-01,17.86,440.85,7.07,50628734.53,0.0,12.23,3288027,15.5,6.49,2022,10,4,0,203,17.43,16.75,17.453333333333333,0.39551653989867663,5.306603773584895
190,2022-11-01,18.37,445.58,7.87,51684794.02,12.25,13.17,3250188,16.5,6.5,2022,11,4,0,204,17.86,17.07,17.886666666666667,0.47056703383624005,8.186101295641945
191,2022-12-01,18.37,445.58,7.87,51684794.02,12.0,13.85,3245597,16.5,4.35,2022,12,4,1,205,18.37,17.43,18.200000000000003,0.2944486372869024,8.377581120943955
192,2023-01-01,19.36,460.99,7.79,52835098.6,10.35,13.67,3349682,17.5,1.39,2023,1,1,0,206,18.37,17.86,18.700000000000003,0.5715767664978433,14.759928867812677
193,2023-02-01,19.87,460.84,8.84,52921785.2,12.54,13.62,3330863,17.5,2.09,2023,2,1,0,208,19.36,18.37,19.2,0.7626925986268317,18.768679019725056
194,2023-03-01,20.37,460.97,7.84,54185866.75,14.75,13.97,3255563,18.0,3.81,2023,3,1,0,208,19.87,18.37,19.86666666666667,0.5050082507578559,23.155985489721907
195,2023-04-01,20.37,460.97,7.84,54185866.75,15.8,14.05,3242600,18.0,5.73,2023,4,2,0,209,20.37,19.36,20.203333333333337,0.2886751345951418,23.829787234042566
196,2023-05-01,21.2,462.01,8.23,55550398.02,12.31,14.07,3298786,18.5,2.98,2023,5,2,0,210,20.37,19.87,20.646666666666665,0.4792007234276093,28.875379939209722
197,2023-06-01,21.54,610.71,7.83,64358217.2,11.66,13.85,3164256,18.5,3.87,2023,6,2,0,212,21.2,20.37,21.036666666666665,0.6018582335845899,30.229746070133025
198,2023-07-01,21.92,770.32,7.81,65319117.73,6.73,13.98,3292430,18.75,4.45,2023,7,3,0,213,21.54,20.37,21.55333333333333,0.36018513758009096,30.86567164179106
199,2023-08-01,22.38,762.12,8.13,65638978.68,3.89,13.99,1386398,18.75,5.13,2023,8,3,0,214,21.92,21.2,21.94666666666667,0.4206344414495884,31.107205623901567
200,2023-09-01,22.9,762.02,8.49,66174923.16,12.73,14.32,982097,18.75,5.29,2023,9,3,0,215,22.38,21.54,22.400000000000002,0.49030602688554975,31.38267355134825
201,2023-10-01,23.44,796.94,8.79,72661232.78,7.2,14.39,1683498,18.75,5.39,2023,10,4,0,216,22.9,21.92,22.906666666666666,0.5300314456083266,31.243001119820835
202,2023-11-01,24.01,835.4,9.06,71342958.51,19.39,14.05,2482105,18.75,7.73,2023,11,4,0,217,23.44,22.38,23.45,0.5550675634554236,30.702231899836697
203,2023-12-01,24.66,899.07,9.75,78831122.0,16.99,14.17,2526679,18.75,8.93,2023,12,4,1,218,24.01,22.9,24.036666666666665,0.6104370019368854,34.24060968971148
204,2024-01-01,25.35,944.08,9.93,93772008.85,16.43,13.82,2603266,18.75,4.33,2024,1,1,0,219,24.66,23.44,24.673333333333336,0.6700994951003318,30.94008264462811
205,2024-02-01,26.18,1505.3,10.75,95635011.58,19.25,15.06,2595761,22.75,17.03,2024,2,1,0,220,25.35,24.01,25.396666666666665,0.7610738028166175,31.75641670860594
206,2024-03-01,27.13,1511.34,11.04,91945344.91,27.95,15.7,2660138,24.75,16.53,2024,3,1,0,221,26.18,24.66,26.22,0.8906739021664707,33.186057928325965
207,2024-04-01,28.1,1237.06,11.23,96963523.96,29.88,15.54,2761291,24.75,16.24,2024,4,2,0,222,27.13,25.35,27.136666666666667,0.9600173609543873,37.94796269023073
208,2024-05-01,29.06,1436.07,12.19,98986356.49,30.29,15.54,2997756,26.25,16.44,2024,5,2,0,223,28.1,26.18,28.096666666666668,0.9650043177799065,37.075471698113205
209,2024-06-01,30.0,1482.27,13.08,101450517.62,25.13,15.85,3347716,26.25,16.37,2024,6,2,0,224,29.06,27.13,29.05333333333333,0.9500175436979567,39.2757660167131
210,2024-07-01,30.76,1560.22,16.93,106347375.9,25.77,15.89,3653259,26.75,16.99,2024,7,3,0,225,30.0,28.1,29.939999999999998,0.8515867542421055,40.32846715328466
211,2024-08-01,31.26,1587.39,16.24,107182219.49,28.44,17.01,3650500,26.75,18.3,2024,8,3,0,226,30.76,29.06,30.673333333333332,0.6344551468259713,39.67828418230563
212,2024-09-01,31.73,1618.22,13.78,109401745.36,27.92,16.75,3693573,27.25,16.91,2024,9,3,0,227,31.26,30.0,31.25,0.4850773134260671,38.55895196506551
213,2024-10-01,32.26,1641.12,13.57,107988822.02,27.83,17.36,3869330,27.25,17.0,2024,10,4,0,228,31.73,30.76,31.75,0.5002999100546262,37.62798634812285
214,2024-11-01,32.77,1670.78,14.22,108946684.26,28.88,18.39,3922947,27.5,18.0,2024,11,4,0,229,32.26,31.26,32.25333333333333,0.5200320502949982,36.484798000832996
215,2024-12-01,31.43,1553.73,13.33,113337685.23,28.71,18.56,3965101,27.5,18.0,2024,12,4,1,230,32.77,31.73,32.153333333333336,0.676338179710429,27.453365774533655
216,2025-01-01,30.88,1535.95,14.0,111098003.76,28.58,18.49,4048729,27.5,18.0,2025,1,1,0,231,31.43,32.26,31.69333333333333,0.9721282494269983,21.814595660749504
217,2025-02-01,30.09,1500.92,9.73,110698746.06,31.03,18.35,4053763,27.5,17.48,2025,2,1,0,232,30.88,32.77,30.8,0.6735725647624222,14.935064935064934
218,2025-03-01,29.3,1526.37,11.39,114203996.21,28.09,17.96,4144842,27.5,17.41,2025,3,1,0,233,30.09,31.43,30.09,0.7900000000003775,7.9985256173977115
